ID_Funcionario,Apelido,Area,Cargo,Anos_na_Empresa,Aval_Valores,Descricao_Valores,Aval_Performace,Desc_Performace,Aval_Equipe,Desc__Equipe
1,Cometa,Operação,Motorista,"11,7",4,Alinhado aos valores,3,Dentro do esperado,3,Neutro
2,Jade,Experiência do Cliente,Analista CX,"1,7",5,Muito alinhado aos valores,4,Acima do esperado,4,Satisfeito com a equipe
3,Orion,Atendimento,Atendente,"6,5",4,Alinhado aos valores,5,Muito acima do esperado,5,Muito satisfeito com a equipe
4,Sirius,Marketing,Assistente Marketing,"2,3",5,Muito alinhado aos valores,4,Acima do esperado,3,Neutro
5,Safira,Comercial,Executivo Comercial,"2,2",3,Neutro,3,Dentro do esperado,3,Neutro
6,Safira,Administrativo,Analista Administrativo,"6,4",3,Neutro,5,Muito acima do esperado,4,Satisfeito com a equipe
7,Falcão,Atendimento,Supervisor Atendimento,"2,1",4,Alinhado aos valores,4,Acima do esperado,4,Satisfeito com a equipe
8,Águia,Financeiro,Assistente Financeiro,"1,4",4,Alinhado aos valores,4,Acima do esperado,4,Satisfeito com a equipe
9,Aurora,Financeiro,Assistente Financeiro,"0,7",4,Alinhado aos valores,3,Dentro do esperado,4,Satisfeito com a equipe
10,Jade,Operação,Motorista,13,4,Alinhado aos valores,4,Acima do esperado,4,Satisfeito com a equipe
11,Pixel,Operação,Fiscal Operacional,"5,4",5,Muito alinhado aos valores,4,Acima do esperado,4,Satisfeito com a equipe
12,Eco,Marketing,Assistente Marketing,"5,2",5,Muito alinhado aos valores,3,Dentro do esperado,3,Neutro
13,Sol,RH,Business Partner,"1,9",4,Alinhado aos valores,5,Muito acima do esperado,5,Muito satisfeito com a equipe
14,Lua,Tecnologia,Desenvolvedor,2,4,Alinhado aos valores,5,Muito acima do esperado,4,Satisfeito com a equipe
15,Lobo,Operação,Despachante,"5,5",4,Alinhado aos valores,4,Acima do esperado,3,Neutro
16,Orion,Planejamento,Analista Planejamento,"0,8",3,Neutro,5,Muito acima do esperado,3,Neutro
17,Nuvem,Marketing,Assistente Marketing,"1,8",4,Alinhado aos valores,5,Muito acima do esperado,5,Muito satisfeito com a equipe
18,Sirius,Financeiro,Analista Financeiro,"0,4",4,Alinhado aos valores,3,Dentro do esperado,4,Satisfeito com a equipe
19,Águia,Operação,Despachante,"2,7",4,Alinhado aos valores,3,Dentro do esperado,5,Muito satisfeito com a equipe
20,Pixel,Comercial,Analista Comercial,"2,9",4,Alinhado aos valores,4,Acima do esperado,4,Satisfeito com a equipe
21,Nuvem,Operação,Motorista,"1,1",3,Neutro,4,Acima do esperado,4,Satisfeito com a equipe
22,Falcão,Jurídico,Assistente Jurídico,"4,7",3,Neutro,3,Dentro do esperado,3,Neutro
23,Vento,Operação,Despachante,4,4,Alinhado aos valores,4,Acima do esperado,3,Neutro
24,Sirius,Experiência do Cliente,Analista CX,"4,9",3,Neutro,4,Acima do esperado,4,Satisfeito com a equipe
25,Bravo,Operação,Despachante,"12,7",3,Neutro,5,Muito acima do esperado,5,Muito satisfeito com a equipe
26,Panda,RH,Business Partner,"2,7",4,Alinhado aos valores,4,Acima do esperado,2,Insatisfeito com a equipe
27,Delta,Operação,Supervisor Operacional,"16,1",4,Alinhado aos valores,5,Muito acima do esperado,4,Satisfeito com a equipe
28,Orion,Atendimento,Atendente,21,5,Muito alinhado aos valores,4,Acima do esperado,4,Satisfeito com a equipe
29,Cometa,Tecnologia,Analista de Sistemas,"3,7",4,Alinhado aos valores,4,Acima do esperado,4,Satisfeito com a equipe
30,Lobo,Marketing,Analista Marketing,"2,1",5,Muito alinhado aos valores,5,Muito acima do esperado,5,Muito satisfeito com a equipe
31,Orion,Operação,Despachante,"27,4",4,Alinhado aos valores,4,Acima do esperado,5,Muito satisfeito com a equipe
32,Trovão,Manutenção,Técnico de Manutenção,"0,5",4,Alinhado aos valores,4,Acima do esperado,4,Satisfeito com a equipe
33,Vento,Operação,Motorista,"2,1",4,Alinhado aos valores,4,Acima do esperado,4,Satisfeito com a equipe
34,Sol,Administrativo,Assistente Administrativo,"8,2",4,Alinhado aos valores,5,Muito acima do esperado,4,Satisfeito com a equipe
35,Delta,Operação,Fiscal Operacional,"1,6",4,Alinhado aos valores,5,Muito acima do esperado,4,Satisfeito com a equipe
36,Aurora,Administrativo,Assistente Administrativo,"2,5",4,Alinhado aos valores,4,Acima do esperado,4,Satisfeito com a equipe
37,Jade,Comercial,Executivo Comercial,"1,4",5,Muito alinhado aos valores,5,Muito acima do esperado,5,Muito satisfeito com a equipe
38,Nuvem,Tecnologia,Desenvolvedor,"0,5",4,Alinhado aos valores,4,Acima do esperado,5,Muito satisfeito com a equipe
39,Trovão,Manutenção,Mecânico,"4,3",4,Alinhado aos valores,4,Acima do esperado,4,Satisfeito com a equipe
40,Vento,Operação,Fiscal Operacional,13,4,Alinhado aos valores,4,Acima do esperado,5,Muito satisfeito com a equipe
41,Panda,Administrativo,Analista Administrativo,"8,8",4,Alinhado aos valores,4,Acima do esperado,4,Satisfeito com a equipe
42,Jade,Experiência do Cliente,Analista CX,24,4,Alinhado aos valores,5,Muito acima do esperado,4,Satisfeito com a equipe
43,Lobo,Operação,Motorista,"0,6",5,Muito alinhado aos valores,3,Dentro do esperado,5,Muito satisfeito com a equipe
44,Lobo,Manutenção,Auxiliar de Manutenção,"2,1",3,Neutro,4,Acima do esperado,3,Neutro
45,Sol,Financeiro,Analista Financeiro,"4,1",4,Alinhado aos valores,3,Dentro do esperado,4,Satisfeito com a equipe
46,Nuvem,Jurídico,Assistente Jurídico,"2,1",4,Alinhado aos valores,3,Dentro do esperado,3,Neutro
47,Jade,Operação,Motorista,"24,9",5,Muito alinhado aos valores,5,Muito acima do esperado,4,Satisfeito com a equipe
48,Cometa,Tecnologia,Desenvolvedor,"11,8",4,Alinhado aos valores,4,Acima do esperado,5,Muito satisfeito com a equipe
49,Safira,Tecnologia,Analista de Sistemas,"0,3",4,Alinhado aos valores,4,Acima do esperado,4,Satisfeito com a equipe
50,Bravo,Atendimento,Supervisor Atendimento,"8,2",5,Muito alinhado aos valores,5,Muito acima do esperado,4,Satisfeito com a equipe
51,Nuvem,Operação,Despachante,"6,6",4,Alinhado aos valores,4,Acima do esperado,4,Satisfeito com a equipe
52,Bravo,Administrativo,Analista Administrativo,"1,2",5,Muito alinhado aos valores,4,Acima do esperado,5,Muito satisfeito com a equipe
53,Cometa,Atendimento,Atendente,"2,2",3,Neutro,4,Acima do esperado,5,Muito satisfeito com a equipe
54,Lobo,Operação,Despachante,"1,7",5,Muito alinhado aos valores,5,Muito acima do esperado,4,Satisfeito com a equipe
55,Aurora,Tecnologia,Analista de Sistemas,"0,8",5,Muito alinhado aos valores,4,Acima do esperado,3,Neutro
56,Falcão,Administrativo,Analista Administrativo,"1,4",3,Neutro,4,Acima do esperado,4,Satisfeito com a equipe
57,Eco,Experiência do Cliente,Analista CX,"2,9",4,Alinhado aos valores,4,Acima do esperado,5,Muito satisfeito com a equipe
58,Lua,Operação,Fiscal Operacional,"13,4",5,Muito alinhado aos valores,5,Muito acima do esperado,5,Muito satisfeito com a equipe
59,Lobo,Comercial,Analista Comercial,"0,8",3,Neutro,5,Muito acima do esperado,4,Satisfeito com a equipe
60,Pixel,Operação,Despachante,"2,8",4,Alinhado aos valores,4,Acima do esperado,4,Satisfeito com a equipe
61,Trovão,Marketing,Analista Marketing,"0,8",3,Neutro,5,Muito acima do esperado,5,Muito satisfeito com a equipe
62,Jade,Administrativo,Analista Administrativo,"9,8",5,Muito alinhado aos valores,4,Acima do esperado,4,Satisfeito com a equipe
63,Safira,Tecnologia,Analista de Sistemas,"1,6",4,Alinhado aos valores,4,Acima do esperado,4,Satisfeito com a equipe
64,Eco,Operação,Despachante,"2,8",5,Muito alinhado aos valores,5,Muito acima do esperado,4,Satisfeito com a equipe
65,Atlas,Administrativo,Assistente Administrativo,"2,4",4,Alinhado aos valores,4,Acima do esperado,3,Neutro
66,Vento,Administrativo,Analista Administrativo,"13,5",3,Neutro,3,Dentro do esperado,3,Neutro
67,Nuvem,Operação,Motorista,"9,1",4,Alinhado aos valores,5,Muito acima do esperado,3,Neutro
68,Sirius,Manutenção,Auxiliar de Manutenção,"2,3",4,Alinhado aos valores,4,Acima do esperado,3,Neutro
69,Falcão,Atendimento,Supervisor Atendimento,"3,2",5,Muito alinhado aos valores,5,Muito acima do esperado,4,Satisfeito com a equipe
70,Safira,Comercial,Executivo Comercial,"0,9",5,Muito alinhado aos valores,4,Acima do esperado,4,Satisfeito com a equipe
71,Sol,Operação,Fiscal Operacional,"1,2",5,Muito alinhado aos valores,3,Dentro do esperado,3,Neutro
72,Orion,Operação,Supervisor Operacional,"9,9",4,Alinhado aos valores,5,Muito acima do esperado,4,Satisfeito com a equipe
73,Falcão,Comercial,Analista Comercial,"0,5",4,Alinhado aos valores,4,Acima do esperado,2,Insatisfeito com a equipe
74,Bravo,Operação,Supervisor Operacional,"9,1",4,Alinhado aos valores,4,Acima do esperado,4,Satisfeito com a equipe
75,Pixel,Atendimento,Supervisor Atendimento,"25,4",4,Alinhado aos valores,5,Muito acima do esperado,3,Neutro
76,Aurora,Experiência do Cliente,Analista CX,"1,5",3,Neutro,5,Muito acima do esperado,4,Satisfeito com a equipe
77,Delta,Marketing,Analista Marketing,"13,1",4,Alinhado aos valores,5,Muito acima do esperado,4,Satisfeito com a equipe
78,Sirius,Operação,Motorista,"2,7",3,Neutro,5,Muito acima do esperado,4,Satisfeito com a equipe
79,Delta,Planejamento,Analista Planejamento,"1,7",3,Neutro,4,Acima do esperado,4,Satisfeito com a equipe
80,Lua,Administrativo,Coordenador Administrativo,"1,3",5,Muito alinhado aos valores,4,Acima do esperado,5,Muito satisfeito com a equipe
81,Aurora,Operação,Motorista,"6,7",4,Alinhado aos valores,4,Acima do esperado,4,Satisfeito com a equipe
82,Cometa,Operação,Motorista,"14,2",3,Neutro,5,Muito acima do esperado,5,Muito satisfeito com a equipe
83,Lobo,Operação,Despachante,"7,2",4,Alinhado aos valores,3,Dentro do esperado,4,Satisfeito com a equipe
84,Nuvem,Operação,Supervisor Operacional,"3,9",4,Alinhado aos valores,4,Acima do esperado,4,Satisfeito com a equipe
85,Sol,Comercial,Executivo Comercial,"5,2",5,Muito alinhado aos valores,3,Dentro do esperado,4,Satisfeito com a equipe
86,Atlas,Operação,Motorista,"1,1",4,Alinhado aos valores,3,Dentro do esperado,3,Neutro
87,Sol,Administrativo,Coordenador Administrativo,"0,6",4,Alinhado aos valores,4,Acima do esperado,4,Satisfeito com a equipe
88,Bravo,Atendimento,Atendente,"26,5",4,Alinhado aos valores,5,Muito acima do esperado,4,Satisfeito com a equipe
89,Orion,RH,Assistente RH,"6,7",4,Alinhado aos valores,4,Acima do esperado,4,Satisfeito com a equipe
90,Lobo,Operação,Despachante,"0,6",4,Alinhado aos valores,3,Dentro do esperado,4,Satisfeito com a equipe
91,Pixel,Comercial,Executivo Comercial,"1,5",5,Muito alinhado aos valores,4,Acima do esperado,4,Satisfeito com a equipe
92,Vento,Atendimento,Atendente,"0,4",4,Alinhado aos valores,4,Acima do esperado,4,Satisfeito com a equipe
93,Bravo,RH,Assistente RH,"20,9",3,Neutro,4,Acima do esperado,5,Muito satisfeito com a equipe
94,Eco,Operação,Despachante,"4,2",5,Muito alinhado aos valores,4,Acima do esperado,4,Satisfeito com a equipe
95,Jade,Comercial,Executivo Comercial,"6,5",4,Alinhado aos valores,3,Dentro do esperado,5,Muito satisfeito com a equipe
96,Sirius,Tecnologia,Analista de Sistemas,"1,6",4,Alinhado aos valores,5,Muito acima do esperado,4,Satisfeito com a equipe
97,Águia,Operação,Despachante,11,4,Alinhado aos valores,4,Acima do esperado,5,Muito satisfeito com a equipe
98,Sirius,Comercial,Analista Comercial,"17,5",4,Alinhado aos valores,5,Muito acima do esperado,4,Satisfeito com a equipe
99,Orion,Tecnologia,Analista de Sistemas,"0,9",4,Alinhado aos valores,5,Muito acima do esperado,5,Muito satisfeito com a equipe
100,Nuvem,Operação,Motorista,"0,8",4,Alinhado aos valores,5,Muito acima do esperado,3,Neutro
101,Jade,Financeiro,Analista Financeiro,"6,9",4,Alinhado aos valores,4,Acima do esperado,4,Satisfeito com a equipe
102,Jade,Financeiro,Analista Financeiro,"10,4",5,Muito alinhado aos valores,4,Acima do esperado,5,Muito satisfeito com a equipe
103,Bravo,Operação,Despachante,"1,5",4,Alinhado aos valores,4,Acima do esperado,4,Satisfeito com a equipe
104,Vento,Tecnologia,Analista de Sistemas,"0,9",5,Muito alinhado aos valores,4,Acima do esperado,3,Neutro
105,Eco,Manutenção,Eletricista,"4,1",3,Neutro,3,Dentro do esperado,4,Satisfeito com a equipe
106,Pixel,Comercial,Analista Comercial,"0,3",3,Neutro,4,Acima do esperado,4,Satisfeito com a equipe
107,Vento,Tecnologia,Analista de Sistemas,"3,7",5,Muito alinhado aos valores,5,Muito acima do esperado,5,Muito satisfeito com a equipe
108,Orion,Operação,Supervisor Operacional,"0,2",5,Muito alinhado aos valores,5,Muito acima do esperado,3,Neutro
109,Lobo,Marketing,Assistente Marketing,"1,7",5,Muito alinhado aos valores,5,Muito acima do esperado,5,Muito satisfeito com a equipe
110,Pixel,Manutenção,Técnico de Manutenção,"2,9",3,Neutro,4,Acima do esperado,4,Satisfeito com a equipe
111,Delta,Administrativo,Analista Administrativo,"0,9",4,Alinhado aos valores,3,Dentro do esperado,4,Satisfeito com a equipe
112,Trovão,Marketing,Assistente Marketing,"13,1",4,Alinhado aos valores,5,Muito acima do esperado,5,Muito satisfeito com a equipe
113,Cometa,Tecnologia,Analista de Sistemas,"5,7",4,Alinhado aos valores,4,Acima do esperado,5,Muito satisfeito com a equipe
114,Sirius,Operação,Motorista,5,4,Alinhado aos valores,5,Muito acima do esperado,4,Satisfeito com a equipe
115,Eco,Tecnologia,Desenvolvedor,"3,9",4,Alinhado aos valores,5,Muito acima do esperado,4,Satisfeito com a equipe
116,Trovão,Financeiro,Assistente Financeiro,"12,9",5,Muito alinhado aos valores,5,Muito acima do esperado,5,Muito satisfeito com a equipe
117,Pixel,Atendimento,Supervisor Atendimento,"25,1",4,Alinhado aos valores,4,Acima do esperado,4,Satisfeito com a equipe
118,Trovão,Operação,Motorista,"0,9",3,Neutro,4,Acima do esperado,5,Muito satisfeito com a equipe
119,Panda,Atendimento,Supervisor Atendimento,6,5,Muito alinhado aos valores,5,Muito acima do esperado,3,Neutro
120,Lua,Operação,Supervisor Operacional,"0,9",4,Alinhado aos valores,4,Acima do esperado,4,Satisfeito com a equipe
121,Panda,Operação,Fiscal Operacional,"0,8",3,Neutro,4,Acima do esperado,4,Satisfeito com a equipe
122,Atlas,Manutenção,Auxiliar de Manutenção,"0,4",3,Neutro,4,Acima do esperado,3,Neutro
123,Delta,Operação,Despachante,"2,1",4,Alinhado aos valores,4,Acima do esperado,4,Satisfeito com a equipe
124,Jade,Comercial,Executivo Comercial,"7,8",4,Alinhado aos valores,4,Acima do esperado,4,Satisfeito com a equipe
125,Eco,Operação,Despachante,"4,7",5,Muito alinhado aos valores,3,Dentro do esperado,4,Satisfeito com a equipe
126,Jade,Jurídico,Assistente Jurídico,"1,1",4,Alinhado aos valores,4,Acima do esperado,4,Satisfeito com a equipe
127,Lua,Operação,Motorista,"0,6",3,Neutro,4,Acima do esperado,4,Satisfeito com a equipe
128,Nuvem,Operação,Fiscal Operacional,"6,2",4,Alinhado aos valores,4,Acima do esperado,4,Satisfeito com a equipe
129,Sol,Administrativo,Coordenador Administrativo,"0,4",3,Neutro,4,Acima do esperado,5,Muito satisfeito com a equipe
130,Lua,Planejamento,Analista Planejamento,"4,9",4,Alinhado aos valores,3,Dentro do esperado,4,Satisfeito com a equipe
131,Águia,RH,Business Partner,"2,2",4,Alinhado aos valores,5,Muito acima do esperado,5,Muito satisfeito com a equipe
132,Panda,Operação,Despachante,"6,9",5,Muito alinhado aos valores,5,Muito acima do esperado,4,Satisfeito com a equipe
133,Trovão,Comercial,Executivo Comercial,"4,2",5,Muito alinhado aos valores,5,Muito acima do esperado,4,Satisfeito com a equipe
134,Falcão,Comercial,Analista Comercial,"0,6",4,Alinhado aos valores,4,Acima do esperado,4,Satisfeito com a equipe
135,Trovão,Operação,Supervisor Operacional,"0,5",4,Alinhado aos valores,4,Acima do esperado,4,Satisfeito com a equipe
136,Cometa,Operação,Despachante,"4,3",4,Alinhado aos valores,4,Acima do esperado,4,Satisfeito com a equipe
137,Lua,Atendimento,Supervisor Atendimento,"4,8",4,Alinhado aos valores,4,Acima do esperado,4,Satisfeito com a equipe
138,Jade,Tecnologia,Analista de Sistemas,"0,4",5,Muito alinhado aos valores,4,Acima do esperado,4,Satisfeito com a equipe
139,Sirius,Comercial,Analista Comercial,"3,8",4,Alinhado aos valores,5,Muito acima do esperado,4,Satisfeito com a equipe
140,Bravo,Comercial,Executivo Comercial,"1,2",4,Alinhado aos valores,5,Muito acima do esperado,4,Satisfeito com a equipe
141,Panda,Planejamento,Analista Planejamento,"1,3",2,Pouco alinhado aos valores,4,Acima do esperado,4,Satisfeito com a equipe
142,Lobo,Administrativo,Analista Administrativo,"1,9",4,Alinhado aos valores,5,Muito acima do esperado,3,Neutro
143,Delta,RH,Business Partner,"4,2",5,Muito alinhado aos valores,4,Acima do esperado,4,Satisfeito com a equipe
144,Bravo,RH,Assistente RH,"0,4",3,Neutro,3,Dentro do esperado,4,Satisfeito com a equipe
145,Sirius,Marketing,Assistente Marketing,"7,6",5,Muito alinhado aos valores,5,Muito acima do esperado,5,Muito satisfeito com a equipe
146,Orion,Comercial,Analista Comercial,"2,3",4,Alinhado aos valores,5,Muito acima do esperado,4,Satisfeito com a equipe
147,Aurora,Operação,Despachante,"1,7",3,Neutro,4,Acima do esperado,5,Muito satisfeito com a equipe
148,Atlas,Tecnologia,Desenvolvedor,"13,6",4,Alinhado aos valores,5,Muito acima do esperado,4,Satisfeito com a equipe
149,Cometa,Tecnologia,Analista de Dados,"1,2",4,Alinhado aos valores,4,Acima do esperado,5,Muito satisfeito com a equipe
150,Delta,Operação,Supervisor Operacional,"3,6",4,Alinhado aos valores,3,Dentro do esperado,4,Satisfeito com a equipe
151,Atlas,Operação,Motorista,"2,5",5,Muito alinhado aos valores,4,Acima do esperado,4,Satisfeito com a equipe
152,Eco,Manutenção,Mecânico,"2,5",3,Neutro,3,Dentro do esperado,3,Neutro
153,Lua,Operação,Motorista,9,4,Alinhado aos valores,5,Muito acima do esperado,4,Satisfeito com a equipe
154,Águia,Operação,Supervisor Operacional,"18,5",4,Alinhado aos valores,4,Acima do esperado,4,Satisfeito com a equipe
155,Nuvem,Administrativo,Analista Administrativo,"0,9",4,Alinhado aos valores,5,Muito acima do esperado,4,Satisfeito com a equipe
156,Nuvem,Experiência do Cliente,Analista CX,"0,9",4,Alinhado aos valores,3,Dentro do esperado,4,Satisfeito com a equipe
157,Eco,Marketing,Assistente Marketing,"9,2",4,Alinhado aos valores,5,Muito acima do esperado,5,Muito satisfeito com a equipe
158,Delta,Atendimento,Supervisor Atendimento,"0,7",4,Alinhado aos valores,5,Muito acima do esperado,5,Muito satisfeito com a equipe
159,Eco,Operação,Motorista,"2,9",5,Muito alinhado aos valores,5,Muito acima do esperado,3,Neutro
160,Eco,Operação,Motorista,6,4,Alinhado aos valores,4,Acima do esperado,3,Neutro
161,Atlas,Financeiro,Analista Financeiro,"5,8",3,Neutro,4,Acima do esperado,4,Satisfeito com a equipe
162,Lobo,Administrativo,Coordenador Administrativo,"0,6",4,Alinhado aos valores,3,Dentro do esperado,5,Muito satisfeito com a equipe
163,Cometa,Operação,Fiscal Operacional,"25,5",5,Muito alinhado aos valores,5,Muito acima do esperado,4,Satisfeito com a equipe
164,Águia,Operação,Fiscal Operacional,"6,8",3,Neutro,4,Acima do esperado,3,Neutro
165,Lua,Operação,Motorista,"0,3",4,Alinhado aos valores,4,Acima do esperado,4,Satisfeito com a equipe
166,Nuvem,Marketing,Assistente Marketing,"11,4",5,Muito alinhado aos valores,4,Acima do esperado,5,Muito satisfeito com a equipe
167,Vento,Operação,Motorista,"1,3",4,Alinhado aos valores,4,Acima do esperado,5,Muito satisfeito com a equipe
168,Vento,Operação,Supervisor Operacional,"3,7",4,Alinhado aos valores,5,Muito acima do esperado,4,Satisfeito com a equipe
169,Águia,Atendimento,Supervisor Atendimento,"1,4",4,Alinhado aos valores,4,Acima do esperado,4,Satisfeito com a equipe
170,Atlas,Operação,Fiscal Operacional,"2,4",4,Alinhado aos valores,5,Muito acima do esperado,5,Muito satisfeito com a equipe
171,Falcão,Planejamento,Analista Planejamento,"12,1",4,Alinhado aos valores,5,Muito acima do esperado,5,Muito satisfeito com a equipe
172,Cometa,Atendimento,Atendente,"15,1",5,Muito alinhado aos valores,5,Muito acima do esperado,5,Muito satisfeito com a equipe
173,Vento,Operação,Supervisor Operacional,"5,9",5,Muito alinhado aos valores,5,Muito acima do esperado,5,Muito satisfeito com a equipe
174,Sirius,Manutenção,Mecânico,"9,1",3,Neutro,3,Dentro do esperado,4,Satisfeito com a equipe
175,Atlas,Operação,Fiscal Operacional,"0,3",4,Alinhado aos valores,5,Muito acima do esperado,4,Satisfeito com a equipe
176,Cometa,Operação,Motorista,"2,4",4,Alinhado aos valores,3,Dentro do esperado,4,Satisfeito com a equipe
177,Lobo,Operação,Motorista,"1,9",5,Muito alinhado aos valores,3,Dentro do esperado,5,Muito satisfeito com a equipe
178,Sirius,Comercial,Analista Comercial,"7,4",5,Muito alinhado aos valores,4,Acima do esperado,4,Satisfeito com a equipe
179,Pixel,Administrativo,Assistente Administrativo,"0,4",4,Alinhado aos valores,4,Acima do esperado,4,Satisfeito com a equipe
180,Aurora,Administrativo,Coordenador Administrativo,"0,8",4,Alinhado aos valores,5,Muito acima do esperado,4,Satisfeito com a equipe
181,Delta,Manutenção,Mecânico,"1,4",3,Neutro,4,Acima do esperado,3,Neutro
182,Orion,Comercial,Analista Comercial,"2,9",5,Muito alinhado aos valores,4,Acima do esperado,4,Satisfeito com a equipe
183,Panda,Tecnologia,Analista de Sistemas,"0,4",4,Alinhado aos valores,4,Acima do esperado,5,Muito satisfeito com a equipe
184,Atlas,Comercial,Analista Comercial,"1,1",4,Alinhado aos valores,4,Acima do esperado,4,Satisfeito com a equipe
185,Jade,Comercial,Analista Comercial,"10,7",5,Muito alinhado aos valores,4,Acima do esperado,4,Satisfeito com a equipe
186,Lua,Tecnologia,Analista de Dados,"12,8",5,Muito alinhado aos valores,4,Acima do esperado,4,Satisfeito com a equipe
187,Aurora,Marketing,Analista Marketing,1,4,Alinhado aos valores,4,Acima do esperado,4,Satisfeito com a equipe
188,Sol,Operação,Fiscal Operacional,"0,6",4,Alinhado aos valores,4,Acima do esperado,3,Neutro
189,Pixel,RH,Analista RH,"2,8",3,Neutro,3,Dentro do esperado,4,Satisfeito com a equipe
190,Lobo,Tecnologia,Analista de Dados,"2,2",5,Muito alinhado aos valores,5,Muito acima do esperado,4,Satisfeito com a equipe
191,Eco,Administrativo,Assistente Administrativo,"1,6",5,Muito alinhado aos valores,4,Acima do esperado,5,Muito satisfeito com a equipe
192,Safira,Tecnologia,Analista de Dados,"3,1",5,Muito alinhado aos valores,4,Acima do esperado,5,Muito satisfeito com a equipe
193,Orion,Manutenção,Auxiliar de Manutenção,"1,1",3,Neutro,3,Dentro do esperado,4,Satisfeito com a equipe
194,Pixel,Planejamento,Analista Planejamento,"4,4",4,Alinhado aos valores,4,Acima do esperado,4,Satisfeito com a equipe
195,Pixel,Marketing,Assistente Marketing,"20,1",4,Alinhado aos valores,4,Acima do esperado,4,Satisfeito com a equipe
196,Delta,Operação,Motorista,"30,9",5,Muito alinhado aos valores,4,Acima do esperado,4,Satisfeito com a equipe
197,Delta,Planejamento,Analista Planejamento,3,5,Muito alinhado aos valores,3,Dentro do esperado,4,Satisfeito com a equipe
198,Vento,Operação,Motorista,"7,7",5,Muito alinhado aos valores,4,Acima do esperado,3,Neutro
199,Bravo,Tecnologia,Analista de Sistemas,"6,4",5,Muito alinhado aos valores,4,Acima do esperado,3,Neutro
200,Eco,Operação,Fiscal Operacional,"0,5",3,Neutro,4,Acima do esperado,4,Satisfeito com a equipe
201,Lobo,Administrativo,Analista Administrativo,"1,2",4,Alinhado aos valores,5,Muito acima do esperado,4,Satisfeito com a equipe
202,Nuvem,Marketing,Analista Marketing,"4,5",5,Muito alinhado aos valores,5,Muito acima do esperado,4,Satisfeito com a equipe
203,Falcão,Operação,Motorista,"26,9",4,Alinhado aos valores,5,Muito acima do esperado,4,Satisfeito com a equipe
204,Panda,Administrativo,Assistente Administrativo,1,4,Alinhado aos valores,3,Dentro do esperado,4,Satisfeito com a equipe
205,Falcão,Operação,Motorista,"5,2",3,Neutro,4,Acima do esperado,5,Muito satisfeito com a equipe
206,Delta,Operação,Motorista,"14,4",4,Alinhado aos valores,4,Acima do esperado,4,Satisfeito com a equipe
207,Delta,Comercial,Executivo Comercial,4,4,Alinhado aos valores,5,Muito acima do esperado,5,Muito satisfeito com a equipe
208,Panda,Comercial,Analista Comercial,"2,2",3,Neutro,5,Muito acima do esperado,4,Satisfeito com a equipe
209,Eco,Administrativo,Coordenador Administrativo,"0,5",4,Alinhado aos valores,3,Dentro do esperado,4,Satisfeito com a equipe
210,Falcão,Operação,Supervisor Operacional,"2,2",4,Alinhado aos valores,4,Acima do esperado,4,Satisfeito com a equipe
211,Bravo,Operação,Supervisor Operacional,"27,5",4,Alinhado aos valores,4,Acima do esperado,4,Satisfeito com a equipe
212,Sirius,Financeiro,Assistente Financeiro,"2,4",5,Muito alinhado aos valores,4,Acima do esperado,4,Satisfeito com a equipe
213,Sol,Tecnologia,Desenvolvedor,"0,7",3,Neutro,4,Acima do esperado,4,Satisfeito com a equipe
214,Sol,Operação,Fiscal Operacional,"2,5",4,Alinhado aos valores,4,Acima do esperado,3,Neutro
215,Jade,Comercial,Analista Comercial,"0,7",4,Alinhado aos valores,3,Dentro do esperado,4,Satisfeito com a equipe
216,Orion,Tecnologia,Desenvolvedor,"14,9",5,Muito alinhado aos valores,4,Acima do esperado,5,Muito satisfeito com a equipe
217,Nuvem,Operação,Supervisor Operacional,"29,5",5,Muito alinhado aos valores,5,Muito acima do esperado,5,Muito satisfeito com a equipe
218,Eco,Operação,Supervisor Operacional,"8,8",4,Alinhado aos valores,4,Acima do esperado,5,Muito satisfeito com a equipe
219,Orion,RH,Business Partner,"0,8",3,Neutro,5,Muito acima do esperado,5,Muito satisfeito com a equipe
220,Falcão,Comercial,Analista Comercial,"0,8",4,Alinhado aos valores,4,Acima do esperado,4,Satisfeito com a equipe
221,Vento,Administrativo,Assistente Administrativo,"24,9",4,Alinhado aos valores,5,Muito acima do esperado,5,Muito satisfeito com a equipe
222,Jade,Administrativo,Coordenador Administrativo,"5,9",5,Muito alinhado aos valores,4,Acima do esperado,4,Satisfeito com a equipe
223,Pixel,Operação,Motorista,"7,5",5,Muito alinhado aos valores,4,Acima do esperado,3,Neutro
224,Eco,Marketing,Analista Marketing,"2,5",5,Muito alinhado aos valores,4,Acima do esperado,5,Muito satisfeito com a equipe
225,Sol,Operação,Fiscal Operacional,5,5,Muito alinhado aos valores,5,Muito acima do esperado,4,Satisfeito com a equipe
226,Atlas,Financeiro,Assistente Financeiro,"1,4",4,Alinhado aos valores,5,Muito acima do esperado,4,Satisfeito com a equipe
227,Bravo,Manutenção,Mecânico,"4,5",3,Neutro,3,Dentro do esperado,4,Satisfeito com a equipe
228,Nuvem,Operação,Motorista,"1,7",3,Neutro,5,Muito acima do esperado,4,Satisfeito com a equipe
229,Vento,Operação,Supervisor Operacional,"0,7",5,Muito alinhado aos valores,5,Muito acima do esperado,4,Satisfeito com a equipe
230,Delta,Comercial,Executivo Comercial,"3,5",4,Alinhado aos valores,5,Muito acima do esperado,5,Muito satisfeito com a equipe
231,Lua,Administrativo,Analista Administrativo,"0,2",4,Alinhado aos valores,5,Muito acima do esperado,5,Muito satisfeito com a equipe
232,Eco,Financeiro,Analista Financeiro,"1,3",4,Alinhado aos valores,5,Muito acima do esperado,4,Satisfeito com a equipe
233,Orion,Manutenção,Técnico de Manutenção,"6,9",4,Alinhado aos valores,3,Dentro do esperado,4,Satisfeito com a equipe
234,Panda,Manutenção,Técnico de Manutenção,"16,5",4,Alinhado aos valores,4,Acima do esperado,3,Neutro
235,Panda,Jurídico,Assistente Jurídico,"4,8",4,Alinhado aos valores,4,Acima do esperado,4,Satisfeito com a equipe
236,Aurora,Administrativo,Analista Administrativo,"0,5",4,Alinhado aos valores,4,Acima do esperado,5,Muito satisfeito com a equipe
237,Jade,Comercial,Executivo Comercial,"5,8",4,Alinhado aos valores,4,Acima do esperado,4,Satisfeito com a equipe
238,Falcão,Operação,Supervisor Operacional,"5,4",4,Alinhado aos valores,5,Muito acima do esperado,4,Satisfeito com a equipe
239,Falcão,Experiência do Cliente,Analista CX,"30,7",5,Muito alinhado aos valores,5,Muito acima do esperado,5,Muito satisfeito com a equipe
240,Bravo,Atendimento,Supervisor Atendimento,"4,1",3,Neutro,4,Acima do esperado,4,Satisfeito com a equipe
241,Trovão,RH,Business Partner,6,3,Neutro,3,Dentro do esperado,2,Insatisfeito com a equipe
242,Sirius,Administrativo,Assistente Administrativo,"14,5",4,Alinhado aos valores,3,Dentro do esperado,5,Muito satisfeito com a equipe
243,Orion,RH,Assistente RH,"2,5",4,Alinhado aos valores,5,Muito acima do esperado,4,Satisfeito com a equipe
244,Cometa,Financeiro,Analista Financeiro,"1,5",4,Alinhado aos valores,5,Muito acima do esperado,3,Neutro
245,Orion,Tecnologia,Desenvolvedor,"4,8",4,Alinhado aos valores,3,Dentro do esperado,5,Muito satisfeito com a equipe
246,Falcão,Manutenção,Eletricista,"17,6",3,Neutro,4,Acima do esperado,4,Satisfeito com a equipe
247,Bravo,Tecnologia,Analista de Dados,"1,6",4,Alinhado aos valores,5,Muito acima do esperado,5,Muito satisfeito com a equipe
248,Falcão,Administrativo,Analista Administrativo,"1,6",4,Alinhado aos valores,4,Acima do esperado,4,Satisfeito com a equipe
249,Lobo,Operação,Supervisor Operacional,"14,8",5,Muito alinhado aos valores,4,Acima do esperado,5,Muito satisfeito com a equipe
250,Vento,Administrativo,Analista Administrativo,9,5,Muito alinhado aos valores,4,Acima do esperado,3,Neutro
251,Lobo,RH,Analista RH,"2,6",5,Muito alinhado aos valores,5,Muito acima do esperado,5,Muito satisfeito com a equipe
252,Pixel,Operação,Supervisor Operacional,"13,8",5,Muito alinhado aos valores,5,Muito acima do esperado,4,Satisfeito com a equipe
253,Aurora,Operação,Despachante,"4,2",4,Alinhado aos valores,4,Acima do esperado,4,Satisfeito com a equipe
254,Lobo,Tecnologia,Desenvolvedor,"2,9",4,Alinhado aos valores,3,Dentro do esperado,4,Satisfeito com a equipe
255,Sirius,Manutenção,Mecânico,5,3,Neutro,3,Dentro do esperado,3,Neutro
256,Bravo,Atendimento,Supervisor Atendimento,12,3,Neutro,5,Muito acima do esperado,4,Satisfeito com a equipe
257,Águia,Tecnologia,Desenvolvedor,"5,9",3,Neutro,5,Muito acima do esperado,5,Muito satisfeito com a equipe
258,Sirius,Atendimento,Supervisor Atendimento,"1,6",5,Muito alinhado aos valores,4,Acima do esperado,4,Satisfeito com a equipe
259,Bravo,RH,Business Partner,"19,7",4,Alinhado aos valores,5,Muito acima do esperado,5,Muito satisfeito com a equipe
260,Pixel,Tecnologia,Analista de Sistemas,"6,5",4,Alinhado aos valores,5,Muito acima do esperado,4,Satisfeito com a equipe
261,Falcão,Operação,Fiscal Operacional,"2,9",4,Alinhado aos valores,4,Acima do esperado,4,Satisfeito com a equipe
262,Falcão,Administrativo,Assistente Administrativo,"11,2",2,Pouco alinhado aos valores,4,Acima do esperado,4,Satisfeito com a equipe
263,Pixel,Operação,Fiscal Operacional,"0,5",4,Alinhado aos valores,4,Acima do esperado,4,Satisfeito com a equipe
264,Lobo,Administrativo,Assistente Administrativo,"4,5",4,Alinhado aos valores,4,Acima do esperado,4,Satisfeito com a equipe
265,Eco,Operação,Fiscal Operacional,"0,2",5,Muito alinhado aos valores,5,Muito acima do esperado,4,Satisfeito com a equipe
266,Aurora,Atendimento,Supervisor Atendimento,"6,6",4,Alinhado aos valores,4,Acima do esperado,5,Muito satisfeito com a equipe
267,Cometa,Planejamento,Analista Planejamento,"3,1",4,Alinhado aos valores,3,Dentro do esperado,4,Satisfeito com a equipe
268,Bravo,Operação,Motorista,"0,9",3,Neutro,4,Acima do esperado,2,Insatisfeito com a equipe
269,Atlas,Operação,Fiscal Operacional,"21,9",5,Muito alinhado aos valores,5,Muito acima do esperado,4,Satisfeito com a equipe
270,Trovão,Marketing,Assistente Marketing,"9,2",4,Alinhado aos valores,5,Muito acima do esperado,5,Muito satisfeito com a equipe
271,Panda,Operação,Supervisor Operacional,1,4,Alinhado aos valores,5,Muito acima do esperado,5,Muito satisfeito com a equipe
272,Águia,RH,Analista RH,"2,3",4,Alinhado aos valores,4,Acima do esperado,3,Neutro
273,Águia,Planejamento,Analista Planejamento,1,5,Muito alinhado aos valores,4,Acima do esperado,3,Neutro
274,Falcão,Operação,Fiscal Operacional,1,5,Muito alinhado aos valores,5,Muito acima do esperado,5,Muito satisfeito com a equipe
275,Falcão,Operação,Motorista,5,4,Alinhado aos valores,4,Acima do esperado,5,Muito satisfeito com a equipe
276,Atlas,Manutenção,Auxiliar de Manutenção,"14,8",5,Muito alinhado aos valores,4,Acima do esperado,4,Satisfeito com a equipe
277,Cometa,Administrativo,Analista Administrativo,"10,7",4,Alinhado aos valores,4,Acima do esperado,5,Muito satisfeito com a equipe
278,Trovão,Operação,Despachante,"2,3",4,Alinhado aos valores,4,Acima do esperado,4,Satisfeito com a equipe
279,Safira,Tecnologia,Analista de Dados,"12,3",5,Muito alinhado aos valores,5,Muito acima do esperado,4,Satisfeito com a equipe
280,Safira,Comercial,Executivo Comercial,"6,5",4,Alinhado aos valores,4,Acima do esperado,4,Satisfeito com a equipe
281,Safira,Administrativo,Assistente Administrativo,"5,2",4,Alinhado aos valores,4,Acima do esperado,5,Muito satisfeito com a equipe
282,Lua,Financeiro,Analista Financeiro,"1,9",4,Alinhado aos valores,3,Dentro do esperado,4,Satisfeito com a equipe
283,Vento,Comercial,Executivo Comercial,"13,2",5,Muito alinhado aos valores,3,Dentro do esperado,5,Muito satisfeito com a equipe
284,Vento,Manutenção,Mecânico,"5,5",3,Neutro,4,Acima do esperado,4,Satisfeito com a equipe
285,Águia,Marketing,Assistente Marketing,"2,2",4,Alinhado aos valores,5,Muito acima do esperado,5,Muito satisfeito com a equipe
286,Falcão,Operação,Despachante,"9,4",3,Neutro,5,Muito acima do esperado,4,Satisfeito com a equipe
287,Safira,Marketing,Analista Marketing,"2,2",4,Alinhado aos valores,4,Acima do esperado,4,Satisfeito com a equipe
288,Safira,Jurídico,Assistente Jurídico,"24,8",4,Alinhado aos valores,4,Acima do esperado,4,Satisfeito com a equipe
289,Panda,Tecnologia,Analista de Sistemas,"1,9",5,Muito alinhado aos valores,4,Acima do esperado,3,Neutro
290,Pixel,Operação,Fiscal Operacional,"0,7",4,Alinhado aos valores,4,Acima do esperado,3,Neutro
291,Delta,Comercial,Analista Comercial,"6,4",5,Muito alinhado aos valores,4,Acima do esperado,3,Neutro
292,Lua,Operação,Motorista,8,5,Muito alinhado aos valores,4,Acima do esperado,5,Muito satisfeito com a equipe
293,Lobo,Atendimento,Supervisor Atendimento,"6,5",3,Neutro,3,Dentro do esperado,5,Muito satisfeito com a equipe
294,Águia,Comercial,Analista Comercial,"2,6",4,Alinhado aos valores,5,Muito acima do esperado,5,Muito satisfeito com a equipe
295,Aurora,Atendimento,Atendente,"4,1",4,Alinhado aos valores,4,Acima do esperado,4,Satisfeito com a equipe
296,Delta,Operação,Motorista,"1,3",4,Alinhado aos valores,5,Muito acima do esperado,3,Neutro
297,Eco,Operação,Despachante,"5,4",4,Alinhado aos valores,4,Acima do esperado,4,Satisfeito com a equipe
298,Falcão,Tecnologia,Analista de Dados,"2,4",4,Alinhado aos valores,4,Acima do esperado,4,Satisfeito com a equipe
299,Eco,Comercial,Executivo Comercial,"0,5",3,Neutro,3,Dentro do esperado,4,Satisfeito com a equipe
300,Sirius,Manutenção,Auxiliar de Manutenção,"1,1",4,Alinhado aos valores,3,Dentro do esperado,3,Neutro
301,Jade,Comercial,Analista Comercial,"0,6",4,Alinhado aos valores,4,Acima do esperado,4,Satisfeito com a equipe
302,Panda,Planejamento,Analista Planejamento,"20,4",5,Muito alinhado aos valores,5,Muito acima do esperado,4,Satisfeito com a equipe
303,Panda,Operação,Despachante,"1,1",5,Muito alinhado aos valores,4,Acima do esperado,5,Muito satisfeito com a equipe
304,Orion,Comercial,Executivo Comercial,"7,7",4,Alinhado aos valores,5,Muito acima do esperado,5,Muito satisfeito com a equipe
305,Atlas,Administrativo,Coordenador Administrativo,"12,6",4,Alinhado aos valores,3,Dentro do esperado,4,Satisfeito com a equipe
306,Eco,Manutenção,Mecânico,"2,2",3,Neutro,3,Dentro do esperado,3,Neutro
307,Jade,Operação,Despachante,"0,7",3,Neutro,4,Acima do esperado,3,Neutro
308,Panda,Financeiro,Analista Financeiro,"1,8",4,Alinhado aos valores,4,Acima do esperado,5,Muito satisfeito com a equipe
309,Safira,Atendimento,Supervisor Atendimento,"1,3",3,Neutro,5,Muito acima do esperado,5,Muito satisfeito com a equipe
310,Cometa,Experiência do Cliente,Analista CX,"1,1",3,Neutro,4,Acima do esperado,3,Neutro
311,Lobo,RH,Analista RH,"1,3",4,Alinhado aos valores,4,Acima do esperado,4,Satisfeito com a equipe
312,Delta,Atendimento,Supervisor Atendimento,"0,7",4,Alinhado aos valores,4,Acima do esperado,3,Neutro
313,Eco,Operação,Fiscal Operacional,"0,8",3,Neutro,3,Dentro do esperado,4,Satisfeito com a equipe
314,Bravo,Administrativo,Analista Administrativo,"2,7",3,Neutro,4,Acima do esperado,4,Satisfeito com a equipe
315,Cometa,Administrativo,Coordenador Administrativo,"1,9",3,Neutro,4,Acima do esperado,4,Satisfeito com a equipe
316,Sirius,Marketing,Assistente Marketing,2,4,Alinhado aos valores,4,Acima do esperado,5,Muito satisfeito com a equipe
317,Panda,Manutenção,Técnico de Manutenção,1,4,Alinhado aos valores,4,Acima do esperado,4,Satisfeito com a equipe
318,Aurora,Atendimento,Atendente,"4,8",3,Neutro,4,Acima do esperado,4,Satisfeito com a equipe
319,Orion,Manutenção,Mecânico,"6,5",3,Neutro,3,Dentro do esperado,3,Neutro
320,Nuvem,Administrativo,Coordenador Administrativo,"5,1",4,Alinhado aos valores,5,Muito acima do esperado,3,Neutro
321,Nuvem,Atendimento,Supervisor Atendimento,"0,7",5,Muito alinhado aos valores,4,Acima do esperado,4,Satisfeito com a equipe
322,Orion,Operação,Fiscal Operacional,"3,1",4,Alinhado aos valores,4,Acima do esperado,4,Satisfeito com a equipe
323,Lobo,Manutenção,Eletricista,"4,5",4,Alinhado aos valores,3,Dentro do esperado,3,Neutro
324,Falcão,Marketing,Analista Marketing,"9,2",5,Muito alinhado aos valores,4,Acima do esperado,4,Satisfeito com a equipe
325,Sirius,Operação,Despachante,"4,4",4,Alinhado aos valores,4,Acima do esperado,4,Satisfeito com a equipe
326,Aurora,Operação,Despachante,"5,1",4,Alinhado aos valores,4,Acima do esperado,4,Satisfeito com a equipe
327,Bravo,Tecnologia,Analista de Dados,"13,6",5,Muito alinhado aos valores,4,Acima do esperado,5,Muito satisfeito com a equipe
328,Águia,Operação,Motorista,"0,3",5,Muito alinhado aos valores,4,Acima do esperado,3,Neutro
329,Safira,Comercial,Analista Comercial,"0,5",3,Neutro,4,Acima do esperado,5,Muito satisfeito com a equipe
330,Sol,Operação,Despachante,6,4,Alinhado aos valores,4,Acima do esperado,3,Neutro
331,Safira,Manutenção,Eletricista,"2,7",3,Neutro,3,Dentro do esperado,4,Satisfeito com a equipe
332,Aurora,Manutenção,Eletricista,"7,1",5,Muito alinhado aos valores,3,Dentro do esperado,4,Satisfeito com a equipe
333,Panda,Operação,Motorista,"14,8",4,Alinhado aos valores,4,Acima do esperado,3,Neutro
334,Atlas,Operação,Motorista,"12,1",4,Alinhado aos valores,5,Muito acima do esperado,4,Satisfeito com a equipe
335,Pixel,RH,Analista RH,"1,9",4,Alinhado aos valores,4,Acima do esperado,4,Satisfeito com a equipe
336,Lua,Financeiro,Assistente Financeiro,5,4,Alinhado aos valores,3,Dentro do esperado,5,Muito satisfeito com a equipe
337,Eco,Financeiro,Analista Financeiro,"4,6",5,Muito alinhado aos valores,5,Muito acima do esperado,4,Satisfeito com a equipe
338,Panda,Comercial,Analista Comercial,"6,9",4,Alinhado aos valores,4,Acima do esperado,5,Muito satisfeito com a equipe
339,Cometa,Financeiro,Assistente Financeiro,"5,1",5,Muito alinhado aos valores,3,Dentro do esperado,5,Muito satisfeito com a equipe
340,Falcão,Manutenção,Auxiliar de Manutenção,"14,8",5,Muito alinhado aos valores,4,Acima do esperado,4,Satisfeito com a equipe
341,Lua,Comercial,Executivo Comercial,"2,2",3,Neutro,5,Muito acima do esperado,3,Neutro
342,Cometa,Operação,Supervisor Operacional,"14,8",5,Muito alinhado aos valores,5,Muito acima do esperado,5,Muito satisfeito com a equipe
343,Panda,Operação,Supervisor Operacional,"3,7",4,Alinhado aos valores,4,Acima do esperado,4,Satisfeito com a equipe
344,Lobo,Administrativo,Assistente Administrativo,"17,8",5,Muito alinhado aos valores,2,Abaixo do esperado,4,Satisfeito com a equipe
345,Trovão,Operação,Fiscal Operacional,"14,5",5,Muito alinhado aos valores,4,Acima do esperado,3,Neutro
346,Orion,Comercial,Executivo Comercial,"2,6",5,Muito alinhado aos valores,4,Acima do esperado,4,Satisfeito com a equipe
347,Atlas,Marketing,Analista Marketing,"0,9",5,Muito alinhado aos valores,4,Acima do esperado,4,Satisfeito com a equipe
348,Lobo,Manutenção,Mecânico,"22,8",5,Muito alinhado aos valores,4,Acima do esperado,4,Satisfeito com a equipe
349,Sirius,Operação,Motorista,"0,5",5,Muito alinhado aos valores,4,Acima do esperado,4,Satisfeito com a equipe
350,Safira,Experiência do Cliente,Analista CX,"1,8",4,Alinhado aos valores,4,Acima do esperado,4,Satisfeito com a equipe
351,Eco,Comercial,Analista Comercial,"0,6",4,Alinhado aos valores,4,Acima do esperado,4,Satisfeito com a equipe
352,Sirius,Marketing,Assistente Marketing,"0,8",5,Muito alinhado aos valores,5,Muito acima do esperado,5,Muito satisfeito com a equipe
353,Atlas,Operação,Despachante,"5,8",4,Alinhado aos valores,4,Acima do esperado,4,Satisfeito com a equipe
354,Águia,Atendimento,Atendente,"0,4",5,Muito alinhado aos valores,5,Muito acima do esperado,4,Satisfeito com a equipe
355,Lobo,Operação,Despachante,"12,4",5,Muito alinhado aos valores,5,Muito acima do esperado,4,Satisfeito com a equipe
356,Cometa,Operação,Supervisor Operacional,7,4,Alinhado aos valores,4,Acima do esperado,4,Satisfeito com a equipe
357,Águia,Operação,Motorista,"1,6",5,Muito alinhado aos valores,4,Acima do esperado,4,Satisfeito com a equipe
358,Orion,Tecnologia,Analista de Dados,"6,5",4,Alinhado aos valores,5,Muito acima do esperado,4,Satisfeito com a equipe
359,Falcão,Manutenção,Mecânico,"11,9",4,Alinhado aos valores,5,Muito acima do esperado,4,Satisfeito com a equipe
360,Pixel,Operação,Fiscal Operacional,"5,5",4,Alinhado aos valores,4,Acima do esperado,4,Satisfeito com a equipe
361,Jade,Operação,Supervisor Operacional,1,4,Alinhado aos valores,4,Acima do esperado,2,Insatisfeito com a equipe
362,Aurora,Experiência do Cliente,Analista CX,"1,7",3,Neutro,4,Acima do esperado,4,Satisfeito com a equipe
363,Sirius,Tecnologia,Analista de Sistemas,"17,4",5,Muito alinhado aos valores,5,Muito acima do esperado,5,Muito satisfeito com a equipe
364,Aurora,Planejamento,Analista Planejamento,"1,2",4,Alinhado aos valores,5,Muito acima do esperado,3,Neutro
365,Falcão,Manutenção,Eletricista,"29,3",3,Neutro,4,Acima do esperado,3,Neutro
366,Trovão,Financeiro,Analista Financeiro,"5,3",3,Neutro,4,Acima do esperado,5,Muito satisfeito com a equipe
367,Orion,Operação,Fiscal Operacional,"1,4",5,Muito alinhado aos valores,4,Acima do esperado,4,Satisfeito com a equipe
368,Trovão,Comercial,Executivo Comercial,"0,9",3,Neutro,4,Acima do esperado,4,Satisfeito com a equipe
369,Eco,RH,Analista RH,"5,5",4,Alinhado aos valores,5,Muito acima do esperado,4,Satisfeito com a equipe
370,Orion,Administrativo,Assistente Administrativo,"4,8",4,Alinhado aos valores,3,Dentro do esperado,4,Satisfeito com a equipe
371,Jade,Operação,Motorista,"8,1",5,Muito alinhado aos valores,5,Muito acima do esperado,4,Satisfeito com a equipe
372,Lua,Manutenção,Auxiliar de Manutenção,"0,7",3,Neutro,4,Acima do esperado,3,Neutro
373,Atlas,Tecnologia,Analista de Dados,"2,1",4,Alinhado aos valores,4,Acima do esperado,5,Muito satisfeito com a equipe
374,Safira,Operação,Motorista,"1,8",4,Alinhado aos valores,3,Dentro do esperado,4,Satisfeito com a equipe
375,Panda,Operação,Motorista,"2,7",5,Muito alinhado aos valores,4,Acima do esperado,4,Satisfeito com a equipe
376,Lobo,Operação,Supervisor Operacional,"3,8",4,Alinhado aos valores,4,Acima do esperado,4,Satisfeito com a equipe
377,Lobo,Operação,Despachante,"29,6",4,Alinhado aos valores,4,Acima do esperado,5,Muito satisfeito com a equipe
378,Pixel,Operação,Despachante,"2,7",4,Alinhado aos valores,5,Muito acima do esperado,3,Neutro
379,Lobo,Tecnologia,Desenvolvedor,"2,5",4,Alinhado aos valores,4,Acima do esperado,5,Muito satisfeito com a equipe
380,Orion,Marketing,Analista Marketing,"4,4",4,Alinhado aos valores,4,Acima do esperado,4,Satisfeito com a equipe
381,Lobo,Experiência do Cliente,Analista CX,"28,9",4,Alinhado aos valores,4,Acima do esperado,5,Muito satisfeito com a equipe
382,Lua,Experiência do Cliente,Analista CX,"16,3",5,Muito alinhado aos valores,5,Muito acima do esperado,5,Muito satisfeito com a equipe
383,Águia,Experiência do Cliente,Analista CX,6,4,Alinhado aos valores,3,Dentro do esperado,4,Satisfeito com a equipe
384,Cometa,Marketing,Analista Marketing,"10,5",4,Alinhado aos valores,5,Muito acima do esperado,5,Muito satisfeito com a equipe
385,Atlas,Operação,Motorista,"28,5",4,Alinhado aos valores,5,Muito acima do esperado,3,Neutro
386,Lobo,Administrativo,Analista Administrativo,"8,1",4,Alinhado aos valores,5,Muito acima do esperado,5,Muito satisfeito com a equipe
387,Trovão,Comercial,Executivo Comercial,"2,5",4,Alinhado aos valores,3,Dentro do esperado,5,Muito satisfeito com a equipe
388,Panda,Marketing,Analista Marketing,6,5,Muito alinhado aos valores,4,Acima do esperado,5,Muito satisfeito com a equipe
389,Lua,Comercial,Executivo Comercial,3,4,Alinhado aos valores,4,Acima do esperado,4,Satisfeito com a equipe
390,Delta,Marketing,Analista Marketing,"16,2",4,Alinhado aos valores,5,Muito acima do esperado,5,Muito satisfeito com a equipe
391,Sirius,Experiência do Cliente,Analista CX,"5,8",4,Alinhado aos valores,4,Acima do esperado,4,Satisfeito com a equipe
392,Lua,Manutenção,Auxiliar de Manutenção,"9,6",3,Neutro,5,Muito acima do esperado,4,Satisfeito com a equipe
393,Cometa,Experiência do Cliente,Analista CX,"4,3",4,Alinhado aos valores,4,Acima do esperado,5,Muito satisfeito com a equipe
394,Eco,Comercial,Executivo Comercial,"0,7",5,Muito alinhado aos valores,4,Acima do esperado,5,Muito satisfeito com a equipe
395,Lobo,Operação,Motorista,"2,3",4,Alinhado aos valores,4,Acima do esperado,4,Satisfeito com a equipe
396,Panda,Manutenção,Eletricista,"0,5",4,Alinhado aos valores,4,Acima do esperado,3,Neutro
397,Safira,Tecnologia,Desenvolvedor,"25,7",4,Alinhado aos valores,5,Muito acima do esperado,4,Satisfeito com a equipe
398,Sol,Operação,Supervisor Operacional,"11,5",4,Alinhado aos valores,4,Acima do esperado,5,Muito satisfeito com a equipe
399,Pixel,Manutenção,Eletricista,"0,2",3,Neutro,3,Dentro do esperado,3,Neutro
400,Trovão,Manutenção,Técnico de Manutenção,"2,8",3,Neutro,2,Abaixo do esperado,3,Neutro
401,Safira,Atendimento,Supervisor Atendimento,"0,6",4,Alinhado aos valores,5,Muito acima do esperado,4,Satisfeito com a equipe
402,Sirius,Administrativo,Coordenador Administrativo,"0,2",5,Muito alinhado aos valores,4,Acima do esperado,4,Satisfeito com a equipe
403,Pixel,Tecnologia,Analista de Sistemas,"0,5",3,Neutro,4,Acima do esperado,4,Satisfeito com a equipe
404,Safira,Planejamento,Analista Planejamento,"2,8",4,Alinhado aos valores,2,Abaixo do esperado,3,Neutro
405,Orion,Operação,Supervisor Operacional,"9,1",5,Muito alinhado aos valores,5,Muito acima do esperado,5,Muito satisfeito com a equipe
406,Delta,Atendimento,Atendente,"2,4",5,Muito alinhado aos valores,5,Muito acima do esperado,4,Satisfeito com a equipe
407,Sol,Marketing,Analista Marketing,"3,6",4,Alinhado aos valores,5,Muito acima do esperado,4,Satisfeito com a equipe
408,Sol,Operação,Motorista,"13,3",4,Alinhado aos valores,5,Muito acima do esperado,4,Satisfeito com a equipe
409,Delta,Operação,Fiscal Operacional,"29,9",4,Alinhado aos valores,5,Muito acima do esperado,4,Satisfeito com a equipe
410,Orion,Experiência do Cliente,Analista CX,"5,5",4,Alinhado aos valores,3,Dentro do esperado,3,Neutro
411,Trovão,Operação,Supervisor Operacional,"2,3",3,Neutro,5,Muito acima do esperado,3,Neutro
412,Lobo,Operação,Despachante,"5,7",2,Pouco alinhado aos valores,4,Acima do esperado,4,Satisfeito com a equipe
413,Trovão,Experiência do Cliente,Analista CX,"7,2",5,Muito alinhado aos valores,4,Acima do esperado,4,Satisfeito com a equipe
414,Vento,Operação,Despachante,"9,7",4,Alinhado aos valores,5,Muito acima do esperado,5,Muito satisfeito com a equipe
415,Atlas,Operação,Motorista,"3,5",4,Alinhado aos valores,5,Muito acima do esperado,4,Satisfeito com a equipe
416,Atlas,Comercial,Executivo Comercial,"4,9",3,Neutro,4,Acima do esperado,3,Neutro
417,Safira,Operação,Fiscal Operacional,"1,5",3,Neutro,5,Muito acima do esperado,4,Satisfeito com a equipe
418,Delta,Tecnologia,Desenvolvedor,"1,1",5,Muito alinhado aos valores,5,Muito acima do esperado,5,Muito satisfeito com a equipe
419,Sol,Financeiro,Assistente Financeiro,"25,7",5,Muito alinhado aos valores,5,Muito acima do esperado,5,Muito satisfeito com a equipe
420,Panda,Administrativo,Assistente Administrativo,"11,6",3,Neutro,4,Acima do esperado,5,Muito satisfeito com a equipe
421,Panda,Operação,Despachante,"27,5",4,Alinhado aos valores,5,Muito acima do esperado,4,Satisfeito com a equipe
422,Orion,Operação,Supervisor Operacional,"0,2",4,Alinhado aos valores,5,Muito acima do esperado,5,Muito satisfeito com a equipe
423,Trovão,Administrativo,Assistente Administrativo,16,5,Muito alinhado aos valores,4,Acima do esperado,5,Muito satisfeito com a equipe
424,Lua,Tecnologia,Desenvolvedor,"4,5",4,Alinhado aos valores,3,Dentro do esperado,5,Muito satisfeito com a equipe
425,Cometa,Operação,Fiscal Operacional,"4,8",3,Neutro,3,Dentro do esperado,4,Satisfeito com a equipe
426,Pixel,Tecnologia,Desenvolvedor,"0,7",5,Muito alinhado aos valores,4,Acima do esperado,4,Satisfeito com a equipe
427,Vento,Manutenção,Auxiliar de Manutenção,"1,9",4,Alinhado aos valores,5,Muito acima do esperado,3,Neutro
428,Nuvem,Tecnologia,Analista de Dados,"4,3",5,Muito alinhado aos valores,5,Muito acima do esperado,5,Muito satisfeito com a equipe
429,Jade,Operação,Fiscal Operacional,"0,6",4,Alinhado aos valores,4,Acima do esperado,5,Muito satisfeito com a equipe
430,Cometa,Manutenção,Mecânico,"6,3",4,Alinhado aos valores,5,Muito acima do esperado,5,Muito satisfeito com a equipe
431,Eco,Operação,Fiscal Operacional,"7,7",4,Alinhado aos valores,5,Muito acima do esperado,4,Satisfeito com a equipe
432,Águia,RH,Assistente RH,"2,3",3,Neutro,4,Acima do esperado,4,Satisfeito com a equipe
433,Atlas,Experiência do Cliente,Analista CX,"20,4",4,Alinhado aos valores,4,Acima do esperado,4,Satisfeito com a equipe
434,Orion,Tecnologia,Analista de Sistemas,"0,4",4,Alinhado aos valores,4,Acima do esperado,5,Muito satisfeito com a equipe
435,Águia,Operação,Despachante,"11,1",4,Alinhado aos valores,4,Acima do esperado,4,Satisfeito com a equipe
436,Aurora,Manutenção,Mecânico,"24,3",3,Neutro,4,Acima do esperado,4,Satisfeito com a equipe
437,Panda,Operação,Motorista,"15,6",5,Muito alinhado aos valores,5,Muito acima do esperado,5,Muito satisfeito com a equipe
438,Bravo,Operação,Motorista,"1,6",4,Alinhado aos valores,5,Muito acima do esperado,4,Satisfeito com a equipe
439,Trovão,Operação,Fiscal Operacional,"4,8",5,Muito alinhado aos valores,3,Dentro do esperado,4,Satisfeito com a equipe
440,Delta,Manutenção,Técnico de Manutenção,"27,9",4,Alinhado aos valores,4,Acima do esperado,4,Satisfeito com a equipe
441,Atlas,Operação,Supervisor Operacional,"2,9",3,Neutro,4,Acima do esperado,4,Satisfeito com a equipe
442,Falcão,Atendimento,Supervisor Atendimento,"12,7",4,Alinhado aos valores,4,Acima do esperado,4,Satisfeito com a equipe
443,Bravo,Tecnologia,Analista de Sistemas,"10,6",3,Neutro,5,Muito acima do esperado,4,Satisfeito com a equipe
444,Bravo,Marketing,Assistente Marketing,"0,5",4,Alinhado aos valores,5,Muito acima do esperado,4,Satisfeito com a equipe
445,Trovão,RH,Analista RH,13,5,Muito alinhado aos valores,4,Acima do esperado,3,Neutro
446,Pixel,Financeiro,Assistente Financeiro,25,5,Muito alinhado aos valores,4,Acima do esperado,5,Muito satisfeito com a equipe
447,Sirius,Manutenção,Auxiliar de Manutenção,"6,6",3,Neutro,3,Dentro do esperado,3,Neutro
448,Panda,Administrativo,Assistente Administrativo,"22,6",5,Muito alinhado aos valores,4,Acima do esperado,4,Satisfeito com a equipe
449,Nuvem,Jurídico,Assistente Jurídico,"2,4",3,Neutro,4,Acima do esperado,4,Satisfeito com a equipe
450,Atlas,Marketing,Analista Marketing,"1,3",5,Muito alinhado aos valores,3,Dentro do esperado,4,Satisfeito com a equipe
451,Lobo,Manutenção,Mecânico,2,4,Alinhado aos valores,3,Dentro do esperado,4,Satisfeito com a equipe
452,Águia,Administrativo,Assistente Administrativo,"4,5",5,Muito alinhado aos valores,5,Muito acima do esperado,4,Satisfeito com a equipe
453,Nuvem,Jurídico,Assistente Jurídico,"10,2",4,Alinhado aos valores,4,Acima do esperado,5,Muito satisfeito com a equipe
454,Aurora,Operação,Motorista,"3,9",4,Alinhado aos valores,5,Muito acima do esperado,4,Satisfeito com a equipe
455,Panda,Jurídico,Assistente Jurídico,"5,1",4,Alinhado aos valores,4,Acima do esperado,3,Neutro
456,Cometa,Operação,Motorista,"0,7",4,Alinhado aos valores,5,Muito acima do esperado,5,Muito satisfeito com a equipe
457,Águia,Financeiro,Assistente Financeiro,"3,1",5,Muito alinhado aos valores,5,Muito acima do esperado,5,Muito satisfeito com a equipe
458,Águia,Operação,Motorista,1,3,Neutro,5,Muito acima do esperado,4,Satisfeito com a equipe
459,Falcão,Financeiro,Analista Financeiro,"0,5",4,Alinhado aos valores,5,Muito acima do esperado,4,Satisfeito com a equipe
460,Eco,Atendimento,Atendente,"1,4",4,Alinhado aos valores,3,Dentro do esperado,5,Muito satisfeito com a equipe
461,Aurora,Administrativo,Coordenador Administrativo,"0,7",4,Alinhado aos valores,5,Muito acima do esperado,4,Satisfeito com a equipe
462,Lua,Atendimento,Supervisor Atendimento,"6,9",4,Alinhado aos valores,4,Acima do esperado,3,Neutro
463,Falcão,Marketing,Analista Marketing,"17,9",4,Alinhado aos valores,5,Muito acima do esperado,5,Muito satisfeito com a equipe
464,Águia,Financeiro,Assistente Financeiro,"1,3",4,Alinhado aos valores,3,Dentro do esperado,5,Muito satisfeito com a equipe
465,Eco,Planejamento,Analista Planejamento,"0,7",3,Neutro,4,Acima do esperado,4,Satisfeito com a equipe
466,Falcão,Administrativo,Assistente Administrativo,"2,7",4,Alinhado aos valores,4,Acima do esperado,4,Satisfeito com a equipe
467,Panda,Administrativo,Assistente Administrativo,"1,2",4,Alinhado aos valores,4,Acima do esperado,5,Muito satisfeito com a equipe
468,Cometa,Operação,Motorista,"0,4",4,Alinhado aos valores,3,Dentro do esperado,4,Satisfeito com a equipe
469,Eco,Operação,Fiscal Operacional,"5,9",4,Alinhado aos valores,5,Muito acima do esperado,4,Satisfeito com a equipe
470,Trovão,Operação,Supervisor Operacional,"0,3",4,Alinhado aos valores,5,Muito acima do esperado,3,Neutro
471,Pixel,Manutenção,Eletricista,"0,7",3,Neutro,5,Muito acima do esperado,4,Satisfeito com a equipe
472,Vento,Operação,Supervisor Operacional,"1,7",4,Alinhado aos valores,5,Muito acima do esperado,4,Satisfeito com a equipe
473,Aurora,Tecnologia,Analista de Sistemas,"0,5",4,Alinhado aos valores,4,Acima do esperado,4,Satisfeito com a equipe
474,Jade,Operação,Supervisor Operacional,"0,7",4,Alinhado aos valores,4,Acima do esperado,5,Muito satisfeito com a equipe
475,Aurora,Marketing,Assistente Marketing,"14,7",5,Muito alinhado aos valores,5,Muito acima do esperado,5,Muito satisfeito com a equipe
476,Lobo,Comercial,Analista Comercial,"19,7",5,Muito alinhado aos valores,4,Acima do esperado,5,Muito satisfeito com a equipe
477,Águia,Financeiro,Analista Financeiro,14,4,Alinhado aos valores,5,Muito acima do esperado,5,Muito satisfeito com a equipe
478,Panda,Administrativo,Analista Administrativo,"0,7",3,Neutro,4,Acima do esperado,4,Satisfeito com a equipe
479,Cometa,Administrativo,Analista Administrativo,"4,6",4,Alinhado aos valores,5,Muito acima do esperado,4,Satisfeito com a equipe
480,Vento,Operação,Fiscal Operacional,"2,2",4,Alinhado aos valores,5,Muito acima do esperado,5,Muito satisfeito com a equipe
481,Águia,Operação,Supervisor Operacional,"2,5",3,Neutro,4,Acima do esperado,5,Muito satisfeito com a equipe
482,Delta,Operação,Despachante,"6,9",3,Neutro,4,Acima do esperado,3,Neutro
483,Trovão,Manutenção,Eletricista,"0,7",4,Alinhado aos valores,3,Dentro do esperado,3,Neutro
484,Vento,Tecnologia,Desenvolvedor,"0,8",4,Alinhado aos valores,5,Muito acima do esperado,4,Satisfeito com a equipe
485,Vento,Operação,Supervisor Operacional,2,4,Alinhado aos valores,4,Acima do esperado,4,Satisfeito com a equipe
486,Sirius,Atendimento,Atendente,"8,9",5,Muito alinhado aos valores,5,Muito acima do esperado,4,Satisfeito com a equipe
487,Panda,RH,Analista RH,"2,2",4,Alinhado aos valores,4,Acima do esperado,4,Satisfeito com a equipe
488,Sirius,RH,Business Partner,"12,2",5,Muito alinhado aos valores,5,Muito acima do esperado,5,Muito satisfeito com a equipe
489,Panda,Marketing,Analista Marketing,25,5,Muito alinhado aos valores,5,Muito acima do esperado,5,Muito satisfeito com a equipe
490,Safira,Financeiro,Analista Financeiro,"2,2",4,Alinhado aos valores,3,Dentro do esperado,4,Satisfeito com a equipe
491,Aurora,Atendimento,Atendente,"14,6",4,Alinhado aos valores,4,Acima do esperado,5,Muito satisfeito com a equipe
492,Vento,Comercial,Analista Comercial,"2,9",4,Alinhado aos valores,5,Muito acima do esperado,4,Satisfeito com a equipe
493,Sirius,Financeiro,Analista Financeiro,"1,2",3,Neutro,5,Muito acima do esperado,5,Muito satisfeito com a equipe
494,Cometa,Manutenção,Mecânico,"0,3",4,Alinhado aos valores,4,Acima do esperado,3,Neutro
495,Panda,Administrativo,Analista Administrativo,"6,6",4,Alinhado aos valores,3,Dentro do esperado,5,Muito satisfeito com a equipe
496,Lobo,Manutenção,Técnico de Manutenção,"1,5",5,Muito alinhado aos valores,4,Acima do esperado,4,Satisfeito com a equipe
497,Eco,RH,Business Partner,"8,7",4,Alinhado aos valores,5,Muito acima do esperado,5,Muito satisfeito com a equipe
498,Nuvem,Manutenção,Eletricista,"5,6",3,Neutro,2,Abaixo do esperado,3,Neutro
499,Trovão,Operação,Fiscal Operacional,"5,6",4,Alinhado aos valores,4,Acima do esperado,4,Satisfeito com a equipe
500,Falcão,Manutenção,Auxiliar de Manutenção,"14,4",4,Alinhado aos valores,4,Acima do esperado,4,Satisfeito com a equipe